dataset,model,n_estimators,max_depth,min_samples_leaf,val_mae,val_rmse,val_mape,val_r2,val_bias_pred_minus_actual
appliances,RandomForest_tuned_candidate,30,5.0,2,21.876639601452695,35.11038250080518,23.320420643411275,0.40910870621446516,-0.37565873476755113
appliances,RandomForest_tuned_candidate,60,8.0,2,22.054830079612604,35.222189700366094,23.610646287397,0.40533938854748075,-0.20119503172085773
appliances,RandomForest_tuned_candidate,80,12.0,2,22.255111170699944,35.15279746785206,23.9503779403399,0.40768019582070925,0.3735485812818748
appliances,RandomForest_tuned_candidate,80,,3,21.871288637230425,34.843647475832256,23.49348270118327,0.41805265399571756,0.40721271331325665
co2,RandomForest_tuned_candidate,30,5.0,2,32.87111683932529,40.455166357231896,6.480281069328779,0.08993797689939864,13.230624127073431
co2,RandomForest_tuned_candidate,60,8.0,2,31.80796598784268,39.36292862441124,6.265533930291698,0.1384156251165759,11.847172718571688
co2,RandomForest_tuned_candidate,80,12.0,2,32.36338443147199,40.23975305379093,6.375825886151458,0.09960386408241528,12.20898600534369
co2,RandomForest_tuned_candidate,80,,3,32.272115197044926,40.25204801184969,6.3538908896472375,0.09905356130388698,11.889151288306142
